<?xml version="1.0" encoding="UTF-8"?><rss version="2.0"
	xmlns:content="http://purl.org/rss/1.0/modules/content/"
	xmlns:dc="http://purl.org/dc/elements/1.1/"
	xmlns:atom="http://www.w3.org/2005/Atom"
	xmlns:sy="http://purl.org/rss/1.0/modules/syndication/"
	
	>
<channel>
	<title>
	Commenti a: Pane nero Danese	</title>
	<atom:link href="http://localhost/esamew5/prodotto/pane-danese/feed/?simply_static_page=668" rel="self" type="application/rss+xml" />
	<link>/prodotto/pane-danese/</link>
	<description>Un nuovo sito targato WordPress</description>
	<lastBuildDate>Sat, 25 Mar 2023 20:13:06 +0000</lastBuildDate>
	<sy:updatePeriod>
	hourly	</sy:updatePeriod>
	<sy:updateFrequency>
	1	</sy:updateFrequency>
	<generator>https://wordpress.org/?v=6.1.1</generator>
</channel>
</rss>
