<?xml version="1.0" encoding="UTF-8"?><rss version="2.0"
	xmlns:content="http://purl.org/rss/1.0/modules/content/"
	xmlns:wfw="http://wellformedweb.org/CommentAPI/"
	xmlns:dc="http://purl.org/dc/elements/1.1/"
	xmlns:atom="http://www.w3.org/2005/Atom"
	xmlns:sy="http://purl.org/rss/1.0/modules/syndication/"
	xmlns:slash="http://purl.org/rss/1.0/modules/slash/"
	>

<channel>
	<title>Pane Nero</title>
	<atom:link href="http://localhost/esamew5/categoria-prodotto/pane-nero/feed/?simply_static_page=539" rel="self" type="application/rss+xml" />
	<link></link>
	<description>Un nuovo sito targato WordPress</description>
	<lastBuildDate>Sat, 25 Mar 2023 20:17:20 +0000</lastBuildDate>
	<language>it-IT</language>
	<sy:updatePeriod>
	hourly	</sy:updatePeriod>
	<sy:updateFrequency>
	1	</sy:updateFrequency>
	<generator>https://wordpress.org/?v=6.1.1</generator>

<image>
	<url>/wp-content/uploads/2023/03/Logo_PANE_E_AMORE-removebg-preview-150x150.png</url>
	<title>Pane Nero</title>
	<link></link>
	<width>32</width>
	<height>32</height>
</image> 
	<item>
		<title>Pane nero al Carbone</title>
		<link>/prodotto/pane-carbone/</link>
					<comments>/prodotto/pane-carbone/#respond</comments>
		
		<dc:creator><![CDATA[Pier]]></dc:creator>
		<pubDate>Fri, 24 Mar 2023 10:10:10 +0000</pubDate>
				<guid isPermaLink="false">/?post_type=product#038;p=36</guid>

					<description><![CDATA[Il pane nero al carbone è un prodotto particolare e originale, noto per il suo aspetto insolito e per il suo gusto intenso e deciso. Il nostro pane nero al carbone è realizzato con ingredienti naturali di alta qualità, seguendo le tecniche di panificazione artigianale.]]></description>
										<content:encoded><![CDATA[<p>Il pane nero al carbone è un prodotto particolare e originale, noto per il suo aspetto insolito e per il suo gusto intenso e deciso. Il nostro pane nero al carbone è realizzato con ingredienti naturali di alta qualità, seguendo le tecniche di panificazione artigianale. L&#8217;aggiunta di carbone vegetale alla ricetta conferisce al pane un colore scuro e una nota affumicata, mentre l&#8217;impasto viene lavorato con cura per garantire una consistenza compatta e croccante. Il pane nero al carbone è perfetto per accompagnare piatti di carne e formaggi stagionati, ma è anche ideale per fare panini originali e gustosi. Con Pane&amp;Amore, potete gustare il sapore autentico del pane nero al carbone, grazie alla qualità e alla cura artigianale che mettiamo in ogni nostro prodotto.</p>
]]></content:encoded>
					
					<wfw:commentRss>/prodotto/pane-carbone/feed/</wfw:commentRss>
			<slash:comments>0</slash:comments>
		
		
			</item>
		<item>
		<title>Pane nero Danese</title>
		<link>/prodotto/pane-danese/</link>
					<comments>/prodotto/pane-danese/#respond</comments>
		
		<dc:creator><![CDATA[Pier]]></dc:creator>
		<pubDate>Fri, 24 Mar 2023 10:10:09 +0000</pubDate>
				<guid isPermaLink="false">/?post_type=product#038;p=30</guid>

					<description><![CDATA[Il pane danese è un prodotto tipico della tradizione nordica, noto per la sua morbidezza e la sua consistenza soffice. Il nostro pane danese è realizzato con ingredienti selezionati di alta qualità, seguendo le tecniche di panificazione artigianale.]]></description>
										<content:encoded><![CDATA[<div class="group w-full text-gray-800 dark:text-gray-100 border-b border-black/10 dark:border-gray-900/50 bg-gray-50 dark:bg-[#444654]">
<div class="text-base gap-4 md:gap-6 md:max-w-2xl lg:max-w-2xl xl:max-w-3xl p-4 md:py-6 flex lg:px-0 m-auto">
<div class="relative flex w-[calc(100%-50px)] flex-col gap-1 md:gap-3 lg:w-[calc(100%-115px)]">
<div class="flex flex-grow flex-col gap-3">
<div class="min-h-[20px] flex flex-col items-start gap-4 whitespace-pre-wrap">
<div class="markdown prose w-full break-words dark:prose-invert dark">
<p>Il pane danese è un prodotto tipico della tradizione nordica, noto per la sua morbidezza e la sua consistenza soffice. Il nostro pane danese è realizzato con ingredienti selezionati di alta qualità, seguendo le tecniche di panificazione artigianale. La nostra attenzione per la qualità degli ingredienti e per i metodi di lavorazione tradizionali, conferiscono al pane danese un gusto delicato e raffinato. Il pane danese viene lievitato lentamente e lavorato con maestria per garantire la massima morbidezza e leggerezza. Il pane danese è perfetto per accompagnare marmellate, creme, formaggi e per fare deliziose colazioni e merende. Con Pane&amp;Amore, potete assaporare il sapore autentico del pane danese, grazie alla qualità e all&#8217;autenticità del nostro prodotto artigianale.</p>
</div>
</div>
</div>
<div class="flex justify-between">
<div class="text-gray-400 flex self-end lg:self-center justify-center mt-2 gap-3 md:gap-4 lg:gap-1 lg:absolute lg:top-0 lg:translate-x-full lg:right-0 lg:mt-0 lg:pl-2 visible"></div>
</div>
</div>
</div>
</div>
]]></content:encoded>
					
					<wfw:commentRss>/prodotto/pane-danese/feed/</wfw:commentRss>
			<slash:comments>0</slash:comments>
		
		
			</item>
	</channel>
</rss>
