<?xml version="1.0" encoding="UTF-8"?><rss version="2.0"
	xmlns:content="http://purl.org/rss/1.0/modules/content/"
	xmlns:wfw="http://wellformedweb.org/CommentAPI/"
	xmlns:dc="http://purl.org/dc/elements/1.1/"
	xmlns:atom="http://www.w3.org/2005/Atom"
	xmlns:sy="http://purl.org/rss/1.0/modules/syndication/"
	xmlns:slash="http://purl.org/rss/1.0/modules/slash/"
	>

<channel>
	<title>Pane Integrale</title>
	<atom:link href="http://localhost/esamew5/categoria-prodotto/pane-integrale/feed/?simply_static_page=543" rel="self" type="application/rss+xml" />
	<link></link>
	<description>Un nuovo sito targato WordPress</description>
	<lastBuildDate>Sat, 25 Mar 2023 20:30:23 +0000</lastBuildDate>
	<language>it-IT</language>
	<sy:updatePeriod>
	hourly	</sy:updatePeriod>
	<sy:updateFrequency>
	1	</sy:updateFrequency>
	<generator>https://wordpress.org/?v=6.1.1</generator>

<image>
	<url>/wp-content/uploads/2023/03/Logo_PANE_E_AMORE-removebg-preview-150x150.png</url>
	<title>Pane Integrale</title>
	<link></link>
	<width>32</width>
	<height>32</height>
</image> 
	<item>
		<title>Pane integrale 5 Cereali</title>
		<link>/prodotto/pane-cereali/</link>
					<comments>/prodotto/pane-cereali/#respond</comments>
		
		<dc:creator><![CDATA[Pier]]></dc:creator>
		<pubDate>Fri, 24 Mar 2023 10:23:06 +0000</pubDate>
				<guid isPermaLink="false">/?post_type=product#038;p=77</guid>

					<description><![CDATA[Il pane integrale ai 5 cereali è un prodotto dalla consistenza rustica e dal gusto intenso e aromatico. Il nostro pane integrale ai 5 cereali è realizzato seguendo i metodi di panificazione artigianale, utilizzando solo ingredienti naturali e di alta qualità.]]></description>
										<content:encoded><![CDATA[<p>Il pane integrale ai 5 cereali è un prodotto dalla consistenza rustica e dal gusto intenso e aromatico. Il nostro pane integrale ai 5 cereali è realizzato seguendo i metodi di panificazione artigianale, utilizzando solo ingredienti naturali e di alta qualità. La miscela di farine integrali di grano, segale, avena, orzo e mais, conferisce al pane un sapore complesso e unico, mentre la lavorazione artigianale garantisce una consistenza soda e compatta. Il pane integrale ai 5 cereali è perfetto per accompagnare piatti di carne, formaggi, zuppe e per fare panini dal sapore intenso e particolare. Con Pane&amp;Amore, potete gustare il sapore autentico del pane integrale ai 5 cereali, grazie alla qualità e alla cura artigianale che mettiamo in ogni nostro prodotto.</p>
]]></content:encoded>
					
					<wfw:commentRss>/prodotto/pane-cereali/feed/</wfw:commentRss>
			<slash:comments>0</slash:comments>
		
		
			</item>
		<item>
		<title>Pane integrale di Segale</title>
		<link>/prodotto/pane-segale/</link>
					<comments>/prodotto/pane-segale/#respond</comments>
		
		<dc:creator><![CDATA[Pier]]></dc:creator>
		<pubDate>Fri, 24 Mar 2023 10:22:20 +0000</pubDate>
				<guid isPermaLink="false">/?post_type=product#038;p=76</guid>

					<description><![CDATA[Il pane integrale di segale è un prodotto dalle proprietà nutritive straordinarie e dal gusto intenso e caratteristico. Il nostro pane integrale di segale è realizzato seguendo i metodi di panificazione artigianale, utilizzando solo ingredienti naturali e di alta qualità.]]></description>
										<content:encoded><![CDATA[<div class="group w-full text-gray-800 dark:text-gray-100 border-b border-black/10 dark:border-gray-900/50 bg-gray-50 dark:bg-[#444654]">
<div class="text-base gap-4 md:gap-6 md:max-w-2xl lg:max-w-2xl xl:max-w-3xl p-4 md:py-6 flex lg:px-0 m-auto">
<div class="relative flex w-[calc(100%-50px)] flex-col gap-1 md:gap-3 lg:w-[calc(100%-115px)]">
<div class="flex flex-grow flex-col gap-3">
<div class="min-h-[20px] flex flex-col items-start gap-4 whitespace-pre-wrap">
<div class="markdown prose w-full break-words dark:prose-invert dark">
<p>Il pane integrale di segale è un prodotto dalle proprietà nutritive straordinarie e dal gusto intenso e caratteristico. Il nostro pane integrale di segale è realizzato seguendo i metodi di panificazione artigianale, utilizzando solo ingredienti naturali e di alta qualità. La farina di segale integrale, ricca di fibre e di sostanze nutritive benefiche per l&#8217;organismo, conferisce al pane un sapore rustico e deciso, mentre la lavorazione artigianale garantisce una consistenza soda e compatta. Il pane integrale di segale è perfetto per accompagnare piatti di carne, formaggi, zuppe e per fare panini dal sapore intenso e particolare. Con Pane&amp;Amore, potete gustare il sapore autentico del pane integrale di segale, grazie alla qualità e alla cura artigianale che mettiamo in ogni nostro prodotto.</p>
</div>
</div>
</div>
<div class="flex justify-between">
<div class="text-gray-400 flex self-end lg:self-center justify-center mt-2 gap-3 md:gap-4 lg:gap-1 lg:absolute lg:top-0 lg:translate-x-full lg:right-0 lg:mt-0 lg:pl-2 visible"></div>
</div>
</div>
</div>
</div>
]]></content:encoded>
					
					<wfw:commentRss>/prodotto/pane-segale/feed/</wfw:commentRss>
			<slash:comments>0</slash:comments>
		
		
			</item>
	</channel>
</rss>
