<?xml version="1.0" encoding="UTF-8"?><rss version="2.0"
	xmlns:content="http://purl.org/rss/1.0/modules/content/"
	xmlns:wfw="http://wellformedweb.org/CommentAPI/"
	xmlns:dc="http://purl.org/dc/elements/1.1/"
	xmlns:atom="http://www.w3.org/2005/Atom"
	xmlns:sy="http://purl.org/rss/1.0/modules/syndication/"
	xmlns:slash="http://purl.org/rss/1.0/modules/slash/"
	>

<channel>
	<title>Pane Bianco</title>
	<atom:link href="http://localhost/esamew5/categoria-prodotto/pane-bianco/feed/?simply_static_page=536" rel="self" type="application/rss+xml" />
	<link></link>
	<description>Un nuovo sito targato WordPress</description>
	<lastBuildDate>Sat, 25 Mar 2023 20:22:11 +0000</lastBuildDate>
	<language>it-IT</language>
	<sy:updatePeriod>
	hourly	</sy:updatePeriod>
	<sy:updateFrequency>
	1	</sy:updateFrequency>
	<generator>https://wordpress.org/?v=6.1.1</generator>

<image>
	<url>/wp-content/uploads/2023/03/Logo_PANE_E_AMORE-removebg-preview-150x150.png</url>
	<title>Pane Bianco</title>
	<link></link>
	<width>32</width>
	<height>32</height>
</image> 
	<item>
		<title>Pane Cafone</title>
		<link>/prodotto/pane-cafone/</link>
					<comments>/prodotto/pane-cafone/#respond</comments>
		
		<dc:creator><![CDATA[Pier]]></dc:creator>
		<pubDate>Fri, 24 Mar 2023 10:10:12 +0000</pubDate>
				<guid isPermaLink="false">/?post_type=product#038;p=47</guid>

					<description><![CDATA[Il pane cafone è un prodotto della tradizione italiana, noto per la sua rusticità e la sua consistenza croccante. Il nostro pane cafone è realizzato con ingredienti naturali di alta qualità, seguendo le tecniche di panificazione artigianale.]]></description>
										<content:encoded><![CDATA[<p>Il pane cafone è un prodotto della tradizione italiana, noto per la sua rusticità e la sua consistenza croccante. Il nostro pane cafone è realizzato con ingredienti naturali di alta qualità, seguendo le tecniche di panificazione artigianale. La nostra attenzione per la qualità degli ingredienti e per i metodi di lavorazione tradizionali, conferiscono al pane cafone un gusto unico e autentico. Il pane cafone è cotto a legna, il che conferisce alla crosta un sapore intenso e rustico, mentre la mollica rimane soffice e leggera. Il pane cafone è perfetto per accompagnare piatti di carne, formaggi, insalate e per fare panini gustosi e saporiti. Con Pane&amp;Amore, potete gustare il sapore autentico del pane cafone, grazie alla qualità e alla cura artigianale che mettiamo in ogni nostro prodotto.</p>
]]></content:encoded>
					
					<wfw:commentRss>/prodotto/pane-cafone/feed/</wfw:commentRss>
			<slash:comments>0</slash:comments>
		
		
			</item>
		<item>
		<title>Pane di Altamura</title>
		<link>/prodotto/pane-altamura/</link>
					<comments>/prodotto/pane-altamura/#respond</comments>
		
		<dc:creator><![CDATA[Pier]]></dc:creator>
		<pubDate>Fri, 24 Mar 2023 10:10:11 +0000</pubDate>
				<guid isPermaLink="false">/?post_type=product#038;p=46</guid>

					<description><![CDATA[Il pane di Altamura è un prodotto della tradizione italiana, noto per la sua consistenza compatta e croccante e per il suo sapore autentico e intenso.]]></description>
										<content:encoded><![CDATA[<p>Il pane di Altamura è un prodotto della tradizione italiana, noto per la sua consistenza compatta e croccante e per il suo sapore autentico e intenso. Il nostro pane di Altamura è realizzato seguendo le tecniche di panificazione artigianale, utilizzando solo farine di grano duro di alta qualità e lieviti naturali. La nostra attenzione per la qualità degli ingredienti e per i metodi di lavorazione tradizionali, conferiscono al pane di Altamura un gusto unico e autentico. Il pane di Altamura ha una crosta spessa e croccante, mentre la mollica è soda e consistente. Il pane di Altamura è perfetto per accompagnare piatti di carne, formaggi, zuppe e per fare panini rustici e saporiti. Con Pane&amp;Amore, potete gustare il sapore autentico del pane di Altamura, grazie alla qualità e alla cura artigianale che mettiamo in ogni nostro prodotto.</p>
]]></content:encoded>
					
					<wfw:commentRss>/prodotto/pane-altamura/feed/</wfw:commentRss>
			<slash:comments>0</slash:comments>
		
		
			</item>
	</channel>
</rss>
