<?xml version="1.0" encoding="UTF-8"?><rss version="2.0"
	xmlns:content="http://purl.org/rss/1.0/modules/content/"
	xmlns:wfw="http://wellformedweb.org/CommentAPI/"
	xmlns:dc="http://purl.org/dc/elements/1.1/"
	xmlns:atom="http://www.w3.org/2005/Atom"
	xmlns:sy="http://purl.org/rss/1.0/modules/syndication/"
	xmlns:slash="http://purl.org/rss/1.0/modules/slash/"
	>

<channel>
	<title>Prodotti</title>
	<atom:link href="http://localhost/esamew5/negozio/feed/?simply_static_page=534" rel="self" type="application/rss+xml" />
	<link></link>
	<description>Un nuovo sito targato WordPress</description>
	<lastBuildDate>Sat, 25 Mar 2023 20:30:23 +0000</lastBuildDate>
	<language>it-IT</language>
	<sy:updatePeriod>
	hourly	</sy:updatePeriod>
	<sy:updateFrequency>
	1	</sy:updateFrequency>
	<generator>https://wordpress.org/?v=6.1.1</generator>

<image>
	<url>/wp-content/uploads/2023/03/Logo_PANE_E_AMORE-removebg-preview-150x150.png</url>
	<title>Prodotti</title>
	<link></link>
	<width>32</width>
	<height>32</height>
</image> 
	<item>
		<title>Pane Carasau</title>
		<link>/prodotto/pane-carasau/</link>
					<comments>/prodotto/pane-carasau/#comments</comments>
		
		<dc:creator><![CDATA[Pier]]></dc:creator>
		<pubDate>Fri, 24 Mar 2023 10:29:18 +0000</pubDate>
				<guid isPermaLink="false">/?post_type=product#038;p=80</guid>

					<description><![CDATA[Il pane carasau è un prodotto tipico della tradizione sarda, noto per la sua fragranza e la sua consistenza croccante. Il nostro pane carasau è realizzato con ingredienti selezionati di alta qualità, seguendo le tecniche di panificazione artigianale della Sardegna.]]></description>
										<content:encoded><![CDATA[<p style="text-align: left;">Il pane carasau è un prodotto tipico della tradizione sarda, noto per la sua fragranza e la sua consistenza croccante. Il nostro pane carasau è realizzato con ingredienti selezionati di alta qualità, seguendo le tecniche di panificazione artigianale della Sardegna. Il processo di lavorazione prevede un&#8217;attenta selezione della farina, un&#8217;adeguata idratazione e una lunga lievitazione, che conferisce al pane la sua caratteristica leggerezza e fragranza. Il pane carasau è perfetto per accompagnare piatti di carne, formaggi, verdure e piatti tipici della cucina sarda. Con Pane&amp;Amore, potete assaporare la vera tradizione sarda, grazie alla qualità e all&#8217;autenticità del nostro pane carasau.</p>
]]></content:encoded>
					
					<wfw:commentRss>/prodotto/pane-carasau/feed/</wfw:commentRss>
			<slash:comments>1</slash:comments>
		
		
			</item>
		<item>
		<title>Pane Azzimo</title>
		<link>/prodotto/pane-azzimo/</link>
					<comments>/prodotto/pane-azzimo/#respond</comments>
		
		<dc:creator><![CDATA[Pier]]></dc:creator>
		<pubDate>Fri, 24 Mar 2023 10:29:07 +0000</pubDate>
				<guid isPermaLink="false">/?post_type=product#038;p=79</guid>

					<description><![CDATA[Il pane azzimo è un prodotto antico e tradizionale, noto per la sua semplicità e la sua versatilità. Il nostro pane azzimo è realizzato con ingredienti naturali di alta qualità, seguendo le tecniche di panificazione artigianale]]></description>
										<content:encoded><![CDATA[<p>Il pane azzimo è un prodotto antico e tradizionale, noto per la sua semplicità e la sua versatilità. Il nostro pane azzimo è realizzato con ingredienti naturali di alta qualità, seguendo le tecniche di panificazione artigianale. La nostra attenzione per la qualità degli ingredienti e per i metodi di lavorazione tradizionali, conferiscono al pane azzimo un gusto unico e genuino. Il pane azzimo è privo di lieviti e di grassi, e viene cotto lentamente su pietre calde per garantire una croccantezza inimitabile. Il pane azzimo è perfetto per accompagnare piatti di pesce, insalate, formaggi e salse, ma è anche ideale come snack leggero e salutare. Con Pane&amp;Amore, potete gustare il sapore autentico del pane azzimo, grazie alla qualità e alla cura artigianale che mettiamo in ogni nostro prodotto.</p>
]]></content:encoded>
					
					<wfw:commentRss>/prodotto/pane-azzimo/feed/</wfw:commentRss>
			<slash:comments>0</slash:comments>
		
		
			</item>
		<item>
		<title>Pane integrale 5 Cereali</title>
		<link>/prodotto/pane-cereali/</link>
					<comments>/prodotto/pane-cereali/#respond</comments>
		
		<dc:creator><![CDATA[Pier]]></dc:creator>
		<pubDate>Fri, 24 Mar 2023 10:23:06 +0000</pubDate>
				<guid isPermaLink="false">/?post_type=product#038;p=77</guid>

					<description><![CDATA[Il pane integrale ai 5 cereali è un prodotto dalla consistenza rustica e dal gusto intenso e aromatico. Il nostro pane integrale ai 5 cereali è realizzato seguendo i metodi di panificazione artigianale, utilizzando solo ingredienti naturali e di alta qualità.]]></description>
										<content:encoded><![CDATA[<p>Il pane integrale ai 5 cereali è un prodotto dalla consistenza rustica e dal gusto intenso e aromatico. Il nostro pane integrale ai 5 cereali è realizzato seguendo i metodi di panificazione artigianale, utilizzando solo ingredienti naturali e di alta qualità. La miscela di farine integrali di grano, segale, avena, orzo e mais, conferisce al pane un sapore complesso e unico, mentre la lavorazione artigianale garantisce una consistenza soda e compatta. Il pane integrale ai 5 cereali è perfetto per accompagnare piatti di carne, formaggi, zuppe e per fare panini dal sapore intenso e particolare. Con Pane&amp;Amore, potete gustare il sapore autentico del pane integrale ai 5 cereali, grazie alla qualità e alla cura artigianale che mettiamo in ogni nostro prodotto.</p>
]]></content:encoded>
					
					<wfw:commentRss>/prodotto/pane-cereali/feed/</wfw:commentRss>
			<slash:comments>0</slash:comments>
		
		
			</item>
		<item>
		<title>Pane integrale di Segale</title>
		<link>/prodotto/pane-segale/</link>
					<comments>/prodotto/pane-segale/#respond</comments>
		
		<dc:creator><![CDATA[Pier]]></dc:creator>
		<pubDate>Fri, 24 Mar 2023 10:22:20 +0000</pubDate>
				<guid isPermaLink="false">/?post_type=product#038;p=76</guid>

					<description><![CDATA[Il pane integrale di segale è un prodotto dalle proprietà nutritive straordinarie e dal gusto intenso e caratteristico. Il nostro pane integrale di segale è realizzato seguendo i metodi di panificazione artigianale, utilizzando solo ingredienti naturali e di alta qualità.]]></description>
										<content:encoded><![CDATA[<div class="group w-full text-gray-800 dark:text-gray-100 border-b border-black/10 dark:border-gray-900/50 bg-gray-50 dark:bg-[#444654]">
<div class="text-base gap-4 md:gap-6 md:max-w-2xl lg:max-w-2xl xl:max-w-3xl p-4 md:py-6 flex lg:px-0 m-auto">
<div class="relative flex w-[calc(100%-50px)] flex-col gap-1 md:gap-3 lg:w-[calc(100%-115px)]">
<div class="flex flex-grow flex-col gap-3">
<div class="min-h-[20px] flex flex-col items-start gap-4 whitespace-pre-wrap">
<div class="markdown prose w-full break-words dark:prose-invert dark">
<p>Il pane integrale di segale è un prodotto dalle proprietà nutritive straordinarie e dal gusto intenso e caratteristico. Il nostro pane integrale di segale è realizzato seguendo i metodi di panificazione artigianale, utilizzando solo ingredienti naturali e di alta qualità. La farina di segale integrale, ricca di fibre e di sostanze nutritive benefiche per l&#8217;organismo, conferisce al pane un sapore rustico e deciso, mentre la lavorazione artigianale garantisce una consistenza soda e compatta. Il pane integrale di segale è perfetto per accompagnare piatti di carne, formaggi, zuppe e per fare panini dal sapore intenso e particolare. Con Pane&amp;Amore, potete gustare il sapore autentico del pane integrale di segale, grazie alla qualità e alla cura artigianale che mettiamo in ogni nostro prodotto.</p>
</div>
</div>
</div>
<div class="flex justify-between">
<div class="text-gray-400 flex self-end lg:self-center justify-center mt-2 gap-3 md:gap-4 lg:gap-1 lg:absolute lg:top-0 lg:translate-x-full lg:right-0 lg:mt-0 lg:pl-2 visible"></div>
</div>
</div>
</div>
</div>
]]></content:encoded>
					
					<wfw:commentRss>/prodotto/pane-segale/feed/</wfw:commentRss>
			<slash:comments>0</slash:comments>
		
		
			</item>
		<item>
		<title>Pane Cafone</title>
		<link>/prodotto/pane-cafone/</link>
					<comments>/prodotto/pane-cafone/#respond</comments>
		
		<dc:creator><![CDATA[Pier]]></dc:creator>
		<pubDate>Fri, 24 Mar 2023 10:10:12 +0000</pubDate>
				<guid isPermaLink="false">/?post_type=product#038;p=47</guid>

					<description><![CDATA[Il pane cafone è un prodotto della tradizione italiana, noto per la sua rusticità e la sua consistenza croccante. Il nostro pane cafone è realizzato con ingredienti naturali di alta qualità, seguendo le tecniche di panificazione artigianale.]]></description>
										<content:encoded><![CDATA[<p>Il pane cafone è un prodotto della tradizione italiana, noto per la sua rusticità e la sua consistenza croccante. Il nostro pane cafone è realizzato con ingredienti naturali di alta qualità, seguendo le tecniche di panificazione artigianale. La nostra attenzione per la qualità degli ingredienti e per i metodi di lavorazione tradizionali, conferiscono al pane cafone un gusto unico e autentico. Il pane cafone è cotto a legna, il che conferisce alla crosta un sapore intenso e rustico, mentre la mollica rimane soffice e leggera. Il pane cafone è perfetto per accompagnare piatti di carne, formaggi, insalate e per fare panini gustosi e saporiti. Con Pane&amp;Amore, potete gustare il sapore autentico del pane cafone, grazie alla qualità e alla cura artigianale che mettiamo in ogni nostro prodotto.</p>
]]></content:encoded>
					
					<wfw:commentRss>/prodotto/pane-cafone/feed/</wfw:commentRss>
			<slash:comments>0</slash:comments>
		
		
			</item>
		<item>
		<title>Pane di Altamura</title>
		<link>/prodotto/pane-altamura/</link>
					<comments>/prodotto/pane-altamura/#respond</comments>
		
		<dc:creator><![CDATA[Pier]]></dc:creator>
		<pubDate>Fri, 24 Mar 2023 10:10:11 +0000</pubDate>
				<guid isPermaLink="false">/?post_type=product#038;p=46</guid>

					<description><![CDATA[Il pane di Altamura è un prodotto della tradizione italiana, noto per la sua consistenza compatta e croccante e per il suo sapore autentico e intenso.]]></description>
										<content:encoded><![CDATA[<p>Il pane di Altamura è un prodotto della tradizione italiana, noto per la sua consistenza compatta e croccante e per il suo sapore autentico e intenso. Il nostro pane di Altamura è realizzato seguendo le tecniche di panificazione artigianale, utilizzando solo farine di grano duro di alta qualità e lieviti naturali. La nostra attenzione per la qualità degli ingredienti e per i metodi di lavorazione tradizionali, conferiscono al pane di Altamura un gusto unico e autentico. Il pane di Altamura ha una crosta spessa e croccante, mentre la mollica è soda e consistente. Il pane di Altamura è perfetto per accompagnare piatti di carne, formaggi, zuppe e per fare panini rustici e saporiti. Con Pane&amp;Amore, potete gustare il sapore autentico del pane di Altamura, grazie alla qualità e alla cura artigianale che mettiamo in ogni nostro prodotto.</p>
]]></content:encoded>
					
					<wfw:commentRss>/prodotto/pane-altamura/feed/</wfw:commentRss>
			<slash:comments>0</slash:comments>
		
		
			</item>
		<item>
		<title>Pane nero al Carbone</title>
		<link>/prodotto/pane-carbone/</link>
					<comments>/prodotto/pane-carbone/#respond</comments>
		
		<dc:creator><![CDATA[Pier]]></dc:creator>
		<pubDate>Fri, 24 Mar 2023 10:10:10 +0000</pubDate>
				<guid isPermaLink="false">/?post_type=product#038;p=36</guid>

					<description><![CDATA[Il pane nero al carbone è un prodotto particolare e originale, noto per il suo aspetto insolito e per il suo gusto intenso e deciso. Il nostro pane nero al carbone è realizzato con ingredienti naturali di alta qualità, seguendo le tecniche di panificazione artigianale.]]></description>
										<content:encoded><![CDATA[<p>Il pane nero al carbone è un prodotto particolare e originale, noto per il suo aspetto insolito e per il suo gusto intenso e deciso. Il nostro pane nero al carbone è realizzato con ingredienti naturali di alta qualità, seguendo le tecniche di panificazione artigianale. L&#8217;aggiunta di carbone vegetale alla ricetta conferisce al pane un colore scuro e una nota affumicata, mentre l&#8217;impasto viene lavorato con cura per garantire una consistenza compatta e croccante. Il pane nero al carbone è perfetto per accompagnare piatti di carne e formaggi stagionati, ma è anche ideale per fare panini originali e gustosi. Con Pane&amp;Amore, potete gustare il sapore autentico del pane nero al carbone, grazie alla qualità e alla cura artigianale che mettiamo in ogni nostro prodotto.</p>
]]></content:encoded>
					
					<wfw:commentRss>/prodotto/pane-carbone/feed/</wfw:commentRss>
			<slash:comments>0</slash:comments>
		
		
			</item>
		<item>
		<title>Pane nero Danese</title>
		<link>/prodotto/pane-danese/</link>
					<comments>/prodotto/pane-danese/#respond</comments>
		
		<dc:creator><![CDATA[Pier]]></dc:creator>
		<pubDate>Fri, 24 Mar 2023 10:10:09 +0000</pubDate>
				<guid isPermaLink="false">/?post_type=product#038;p=30</guid>

					<description><![CDATA[Il pane danese è un prodotto tipico della tradizione nordica, noto per la sua morbidezza e la sua consistenza soffice. Il nostro pane danese è realizzato con ingredienti selezionati di alta qualità, seguendo le tecniche di panificazione artigianale.]]></description>
										<content:encoded><![CDATA[<div class="group w-full text-gray-800 dark:text-gray-100 border-b border-black/10 dark:border-gray-900/50 bg-gray-50 dark:bg-[#444654]">
<div class="text-base gap-4 md:gap-6 md:max-w-2xl lg:max-w-2xl xl:max-w-3xl p-4 md:py-6 flex lg:px-0 m-auto">
<div class="relative flex w-[calc(100%-50px)] flex-col gap-1 md:gap-3 lg:w-[calc(100%-115px)]">
<div class="flex flex-grow flex-col gap-3">
<div class="min-h-[20px] flex flex-col items-start gap-4 whitespace-pre-wrap">
<div class="markdown prose w-full break-words dark:prose-invert dark">
<p>Il pane danese è un prodotto tipico della tradizione nordica, noto per la sua morbidezza e la sua consistenza soffice. Il nostro pane danese è realizzato con ingredienti selezionati di alta qualità, seguendo le tecniche di panificazione artigianale. La nostra attenzione per la qualità degli ingredienti e per i metodi di lavorazione tradizionali, conferiscono al pane danese un gusto delicato e raffinato. Il pane danese viene lievitato lentamente e lavorato con maestria per garantire la massima morbidezza e leggerezza. Il pane danese è perfetto per accompagnare marmellate, creme, formaggi e per fare deliziose colazioni e merende. Con Pane&amp;Amore, potete assaporare il sapore autentico del pane danese, grazie alla qualità e all&#8217;autenticità del nostro prodotto artigianale.</p>
</div>
</div>
</div>
<div class="flex justify-between">
<div class="text-gray-400 flex self-end lg:self-center justify-center mt-2 gap-3 md:gap-4 lg:gap-1 lg:absolute lg:top-0 lg:translate-x-full lg:right-0 lg:mt-0 lg:pl-2 visible"></div>
</div>
</div>
</div>
</div>
]]></content:encoded>
					
					<wfw:commentRss>/prodotto/pane-danese/feed/</wfw:commentRss>
			<slash:comments>0</slash:comments>
		
		
			</item>
	</channel>
</rss>
