<?xml version="1.0" encoding="UTF-8"?><rss version="2.0"
	xmlns:content="http://purl.org/rss/1.0/modules/content/"
	xmlns:dc="http://purl.org/dc/elements/1.1/"
	xmlns:atom="http://www.w3.org/2005/Atom"
	xmlns:sy="http://purl.org/rss/1.0/modules/syndication/"
	
	>
<channel>
	<title>
	Commenti a: Pane Carasau	</title>
	<atom:link href="http://localhost/esamew5/prodotto/pane-carasau/feed/?simply_static_page=601" rel="self" type="application/rss+xml" />
	<link>/prodotto/pane-carasau/</link>
	<description>Un nuovo sito targato WordPress</description>
	<lastBuildDate>Sat, 25 Mar 2023 20:04:15 +0000</lastBuildDate>
	<sy:updatePeriod>
	hourly	</sy:updatePeriod>
	<sy:updateFrequency>
	1	</sy:updateFrequency>
	<generator>https://wordpress.org/?v=6.1.1</generator>
	<item>
		<title>
		Di: Pier		</title>
		<link>/prodotto/pane-carasau/#comment-2</link>

		<dc:creator><![CDATA[Pier]]></dc:creator>
		<pubDate>Sat, 25 Mar 2023 19:54:57 +0000</pubDate>
		<guid isPermaLink="false">/?post_type=product#038;p=80#comment-2</guid>

					<description><![CDATA[Ottimo]]></description>
			<content:encoded><![CDATA[<p>Ottimo</p>
]]></content:encoded>
		
			</item>
	</channel>
</rss>
