<?xml version="1.0" encoding="UTF-8"?><rss version="2.0"
	xmlns:content="http://purl.org/rss/1.0/modules/content/"
	xmlns:wfw="http://wellformedweb.org/CommentAPI/"
	xmlns:dc="http://purl.org/dc/elements/1.1/"
	xmlns:atom="http://www.w3.org/2005/Atom"
	xmlns:sy="http://purl.org/rss/1.0/modules/syndication/"
	xmlns:slash="http://purl.org/rss/1.0/modules/slash/"
	>

<channel>
	<title>Specials</title>
	<atom:link href="http://localhost/esamew5/categoria-prodotto/specials/feed/?simply_static_page=546" rel="self" type="application/rss+xml" />
	<link></link>
	<description>Un nuovo sito targato WordPress</description>
	<lastBuildDate>Sat, 25 Mar 2023 20:04:15 +0000</lastBuildDate>
	<language>it-IT</language>
	<sy:updatePeriod>
	hourly	</sy:updatePeriod>
	<sy:updateFrequency>
	1	</sy:updateFrequency>
	<generator>https://wordpress.org/?v=6.1.1</generator>

<image>
	<url>/wp-content/uploads/2023/03/Logo_PANE_E_AMORE-removebg-preview-150x150.png</url>
	<title>Specials</title>
	<link></link>
	<width>32</width>
	<height>32</height>
</image> 
	<item>
		<title>Pane Carasau</title>
		<link>/prodotto/pane-carasau/</link>
					<comments>/prodotto/pane-carasau/#comments</comments>
		
		<dc:creator><![CDATA[Pier]]></dc:creator>
		<pubDate>Fri, 24 Mar 2023 10:29:18 +0000</pubDate>
				<guid isPermaLink="false">/?post_type=product#038;p=80</guid>

					<description><![CDATA[Il pane carasau è un prodotto tipico della tradizione sarda, noto per la sua fragranza e la sua consistenza croccante. Il nostro pane carasau è realizzato con ingredienti selezionati di alta qualità, seguendo le tecniche di panificazione artigianale della Sardegna.]]></description>
										<content:encoded><![CDATA[<p style="text-align: left;">Il pane carasau è un prodotto tipico della tradizione sarda, noto per la sua fragranza e la sua consistenza croccante. Il nostro pane carasau è realizzato con ingredienti selezionati di alta qualità, seguendo le tecniche di panificazione artigianale della Sardegna. Il processo di lavorazione prevede un&#8217;attenta selezione della farina, un&#8217;adeguata idratazione e una lunga lievitazione, che conferisce al pane la sua caratteristica leggerezza e fragranza. Il pane carasau è perfetto per accompagnare piatti di carne, formaggi, verdure e piatti tipici della cucina sarda. Con Pane&amp;Amore, potete assaporare la vera tradizione sarda, grazie alla qualità e all&#8217;autenticità del nostro pane carasau.</p>
]]></content:encoded>
					
					<wfw:commentRss>/prodotto/pane-carasau/feed/</wfw:commentRss>
			<slash:comments>1</slash:comments>
		
		
			</item>
		<item>
		<title>Pane Azzimo</title>
		<link>/prodotto/pane-azzimo/</link>
					<comments>/prodotto/pane-azzimo/#respond</comments>
		
		<dc:creator><![CDATA[Pier]]></dc:creator>
		<pubDate>Fri, 24 Mar 2023 10:29:07 +0000</pubDate>
				<guid isPermaLink="false">/?post_type=product#038;p=79</guid>

					<description><![CDATA[Il pane azzimo è un prodotto antico e tradizionale, noto per la sua semplicità e la sua versatilità. Il nostro pane azzimo è realizzato con ingredienti naturali di alta qualità, seguendo le tecniche di panificazione artigianale]]></description>
										<content:encoded><![CDATA[<p>Il pane azzimo è un prodotto antico e tradizionale, noto per la sua semplicità e la sua versatilità. Il nostro pane azzimo è realizzato con ingredienti naturali di alta qualità, seguendo le tecniche di panificazione artigianale. La nostra attenzione per la qualità degli ingredienti e per i metodi di lavorazione tradizionali, conferiscono al pane azzimo un gusto unico e genuino. Il pane azzimo è privo di lieviti e di grassi, e viene cotto lentamente su pietre calde per garantire una croccantezza inimitabile. Il pane azzimo è perfetto per accompagnare piatti di pesce, insalate, formaggi e salse, ma è anche ideale come snack leggero e salutare. Con Pane&amp;Amore, potete gustare il sapore autentico del pane azzimo, grazie alla qualità e alla cura artigianale che mettiamo in ogni nostro prodotto.</p>
]]></content:encoded>
					
					<wfw:commentRss>/prodotto/pane-azzimo/feed/</wfw:commentRss>
			<slash:comments>0</slash:comments>
		
		
			</item>
	</channel>
</rss>
