<?xml version="1.0" encoding="UTF-8"?><rss version="2.0"
	xmlns:content="http://purl.org/rss/1.0/modules/content/"
	xmlns:dc="http://purl.org/dc/elements/1.1/"
	xmlns:atom="http://www.w3.org/2005/Atom"
	xmlns:sy="http://purl.org/rss/1.0/modules/syndication/"
	
	>
<channel>
	<title>
	Commenti per 	</title>
	<atom:link href="http://localhost/esamew5/comments/feed/?simply_static_page=475" rel="self" type="application/rss+xml" />
	<link></link>
	<description>Un nuovo sito targato WordPress</description>
	<lastBuildDate>Sat, 25 Mar 2023 20:04:15 +0000</lastBuildDate>
	<sy:updatePeriod>
	hourly	</sy:updatePeriod>
	<sy:updateFrequency>
	1	</sy:updateFrequency>
	<generator>https://wordpress.org/?v=6.1.1</generator>
	<item>
		<title>
		Commenti su Pane Carasau di Pier		</title>
		<link>/prodotto/pane-carasau/#comment-2</link>

		<dc:creator><![CDATA[Pier]]></dc:creator>
		<pubDate>Sat, 25 Mar 2023 19:54:57 +0000</pubDate>
		<guid isPermaLink="false">/?post_type=product#038;p=80#comment-2</guid>

					<description><![CDATA[Ottimo]]></description>
			<content:encoded><![CDATA[<p>Ottimo</p>
]]></content:encoded>
		
			</item>
		<item>
		<title>
		Commenti su Ciao mondo! di Un commentatore di WordPress		</title>
		<link>/2023/03/24/ciao-mondo/#comment-1</link>

		<dc:creator><![CDATA[Un commentatore di WordPress]]></dc:creator>
		<pubDate>Fri, 24 Mar 2023 09:38:48 +0000</pubDate>
		<guid isPermaLink="false">/?p=1#comment-1</guid>

					<description><![CDATA[Ciao, questo è un commento.
Per iniziare a moderare, modificare ed eliminare commenti, vai alla schermata dei commenti nella bacheca.
Gli avatar di chi lascia un commento sono forniti da &lt;a href=&quot;https://it.gravatar.com/&quot;&gt;Gravatar&lt;/a&gt;.]]></description>
			<content:encoded><![CDATA[<p>Ciao, questo è un commento.<br />
Per iniziare a moderare, modificare ed eliminare commenti, vai alla schermata dei commenti nella bacheca.<br />
Gli avatar di chi lascia un commento sono forniti da <a href="https://it.gravatar.com/">Gravatar</a>.</p>
]]></content:encoded>
		
			</item>
	</channel>
</rss>
